model_type,target_col,rmse_norm_baseline,mae_norm_baseline,r2_baseline,rmse_norm_regime,mae_norm_regime,r2_regime,rmse_gain_%,mae_gain_%,ativo,horizonte,regime_scope
transformer,GOLD_r15d,0.6661083980482337,0.5349531243844573,0.5562996020496158,0.4637347483550978,0.3609404233029152,0.784950083168034,30.381489001806845,32.528588608912116,GOLD,r15d,baseline
transformer,GOLD_r10d,0.6956863487603722,0.557119669424513,0.5160205041484618,0.5792452473037553,0.4574518476340165,0.6644749434760113,16.737586077993434,17.8898407757619,GOLD,r10d,baseline
transformer,ETH_r10d,0.5151413749150101,0.4148583486142048,0.7346293638506729,0.4335867460405235,0.327547001057263,0.8120025336579906,15.831504291019488,21.04606255330213,ETH,r10d,baseline
transformer,BTC_r5d,0.8039133929225674,0.6586734183434545,0.3537232566797258,0.7015248107862946,0.5424626945216586,0.5078629398512537,12.736270229812533,17.643147663991456,BTC,r5d,baseline
gru,SPX_r10d,0.5093297354140406,0.363753677042566,0.7405832206230634,0.4753440250277322,0.3463104321270359,0.7740480578704347,6.6726342530700595,4.795345316465057,SPX,r10d,baseline
