model_type,target_col,rmse_norm_baseline,mae_norm_baseline,r2_baseline,rmse_norm_regime,mae_norm_regime,r2_regime,rmse_gain_%,mae_gain_%,ativo,horizonte,regime_scope
gru,GOLD_r15d,0.393353686222554,0.2967952334090406,0.8452728775351285,0.662286390650755,0.5603484933505192,0.5613767367587955,-68.3691837264346,-88.79969429234455,GOLD,r15d,baseline
transformer,DXY_r10d,0.6033756344180083,0.4560367565538119,0.635937843790666,1.000344243257501,0.7546291350619323,-0.0006886050184222,-65.79128923931314,-65.47550701055974,DXY,r10d,baseline
transformer,GOLD_r5d,0.6695261362538784,0.5302381634967723,0.5517347528729531,0.9799007057169328,0.7343292635721261,0.0397946069354572,-46.35734927386957,-38.49045846293487,GOLD,r5d,baseline
gru,GOLD_r10d,0.4917997689667975,0.3747039600078949,0.7581329872442045,0.6726705469213841,0.5448289492769524,0.547514335304486,-36.77732064302728,-45.402506358745974,GOLD,r10d,baseline
transformer,DXY_r15d,0.3967227637020353,0.3027062762579818,0.842611048760619,0.5273495513070744,0.3876114841092578,0.7219024507362274,-32.92646642861872,-28.04871075052156,DXY,r15d,baseline
